前端开发, HTML 5应用开发实践指南, https://pan.baidu.com/s/1Rsxer-BOWl8BxmhbwAdQng, 4p4f
前端开发, 微信小程序(开发入门及案例详解), https://pan.baidu.com/s/1OeGvdksS9Xixa-plAmNoiw, 2ozo
前端开发, CSS世界, https://pan.baidu.com/s/1LZBaGQyhYDtURZUvc5pUVg, fcjp
前端开发, WebKit技术内幕, https://pan.baidu.com/s/1ITLeNc59tDQ7Z6WSgR1A1Q, bozz
前端开发, Vue.js前端开发 : 快速入门与专业应用, https://pan.baidu.com/s/1BHe3KgSwt95EuqB9GZzqqw, 12d3
前端开发, 现代前端技术解析, https://pan.baidu.com/s/1cG6AeKZcAMpSpVUGKZq9Ww, 61q3
前端开发, JavaScript语言精粹 : 修订版, https://pan.baidu.com/s/1GuyklPUhlFE7jQsKOVn3NA, arpq
前端开发, JavaScript面向对象编程指南（第2版）, https://pan.baidu.com/s/1Wkq2df1T455J6rgNHRhJ4Q, mj7v
前端开发, JavaScript DOM编程艺术 （第2版）, https://pan.baidu.com/s/1m9iIqxifM-oBK7u_VwvaKg, 5xll
前端开发, JavaScript入门经典 : javascript入门经典, https://pan.baidu.com/s/1gguFqgJw355dkQM6Jfz0gQ, 3ntq
前端开发, 深入浅出Node.js, https://pan.baidu.com/s/1GwX9ebwp1Fi5MbNf5tPkfQ, v5w1
前端开发, JavaScript权威指南(第6版), https://pan.baidu.com/s/1Cb9uYc3CSycO12rlXbpJTw, 0kwq
前端开发, 学习JavaScript数据结构与算法（第2版）, https://pan.baidu.com/s/1aOCAh2P4kC4SRgtEUhhX-A, d5ag
前端开发, 响应式Web设计 : HTML5和CSS3实战, https://pan.baidu.com/s/14BsyjVXfHzVmTNdU1R2CpQ, a13f
前端开发, 响应式Web设计 : HTML5和CSS3实战, https://pan.baidu.com/s/1U_FmOtgOZ6a9KfDMamC_Ug, xifa
前端开发, 同构JavaScript应用开发, https://pan.baidu.com/s/158f5YfmCBgaAYstRWVeieg, 4l3c
前端开发, 数据结构与算法JavaScript描述, https://pan.baidu.com/s/1RHwXxC-Kc8JUhvkXLgFE3Q, 8l33
前端开发, 深入理解SVG, https://pan.baidu.com/s/13GK-b1_8AzfqoXb5jeSEAA, yi2v
前端开发, 全端Web开发 : 使用JavaScript与Java, https://pan.baidu.com/s/1yCr5vIwn1bNIyGLkA_1UkA, 7q2g
前端开发, 前端架构设计 : 让前端开发可持续优化、可扩展, https://pan.baidu.com/s/1A58Sv4-znafcFoetapdhcQ, bh8w
前端开发, 你不知道的JavaScript（下卷）, https://pan.baidu.com/s/1Tfvs5ATB-5GGFq6owweMhQ, gjli
前端开发, 你不知道的JavaScript（中卷）, https://pan.baidu.com/s/1-8sQszI6Y_LY5BGrwwN_RA, ttpw
前端开发, 你不知道的JavaScript（上卷）, https://pan.baidu.com/s/1Q6Qi4vNpVXkh0R6CJ7PbuA, y0y1
前端开发, 客户端存储技术, https://pan.baidu.com/s/1vpUsEyQn3OmD1Vj_Wfw0zA, wkd6
前端开发, Web开发权威指南, https://pan.baidu.com/s/1zB9guV0fCq39OrOSNir0_g, hudp
前端开发, SVG精髓（第2版）, https://pan.baidu.com/s/1XSnseRiBq8nQ90qm24cX6Q, ilrp
前端开发, Sass与Compass实战, https://pan.baidu.com/s/1C-RZXnNE60im83nxjK4GVQ, og65
前端开发, React设计模式与最佳实践, https://pan.baidu.com/s/1hh7qt21r5STmWV4Dab4p6Q, ps9n
前端开发, React快速上手开发, https://pan.baidu.com/s/1DzUX7YEQgVc15jqnqUEPcg, 3jto
前端开发, React Native应用开发实例解析, https://pan.baidu.com/s/1PvTdVIPfhsEKQfYR-2AGHA, jqae
前端开发, React Native开发指南, https://pan.baidu.com/s/14h61wEx2FVfEoww5d0HwmA, b6go
前端开发, Node与Express开发, https://pan.baidu.com/s/17NtW1D_8UpgA-0QPc9W-Fw, coix
前端开发, Node即学即用, https://pan.baidu.com/s/1OmfrJEejEQtPpxpeY1BpwQ, 6193
前端开发, Node.js实战, https://pan.baidu.com/s/11vB40AfaLEYwQPse44WLLg, o9xw
前端开发, MEAN Web开发, https://pan.baidu.com/s/1TS8gOI-BHUrgF95Z7d2gMg, i53k
前端开发, jQuery实战（第2版）, https://pan.baidu.com/s/1t5dn7kzaYbd6VGCii7J5nA, 7r9x
前端开发, jQuery基础教程 （第4版）, https://pan.baidu.com/s/1a7GeJinA9g_A1n9qQvtyYA, yu33
前端开发, JavaScript异步编程 : 设计快速响应的网络应用, https://pan.baidu.com/s/1slq93yInTCBFKeq5rXtirg, fene
前端开发, JavaScript快速全栈开发, https://pan.baidu.com/s/1L01wUOfx4ZxPAf0Uh2fCVQ, ezqk
前端开发, JavaScript基础教程（第9版）, https://pan.baidu.com/s/1ygbB-xqCpokj0LDlhtVggg, uc2m
前端开发, JavaScript编程全解, https://pan.baidu.com/s/1FugAb3p3XaAi0bnFAwciCQ, t6hx
前端开发, JavaScript编程精粹, https://pan.baidu.com/s/1E80CONcCA_c1B-5np8EC6g, kvrn
前端开发, JavaScript Web应用开发, https://pan.baidu.com/s/1HEua3k8F9qc0tYiWM0sghw, r5u3
前端开发, HTML5与WebGL编程, https://pan.baidu.com/s/1INi_CNe1GaiGlHzDNj3ArQ, 3bok
前端开发, HTML5与CSS3基础教程（第8版）, https://pan.baidu.com/s/1GNc6n90X1ngywoo3Ztqh1Q, me0q
前端开发, HTML5秘籍（第2版）, https://pan.baidu.com/s/18eZo7iAEo7IL6meIWMduEg, fk5g
前端开发, Head First JavaScript程序设计, https://pan.baidu.com/s/1Y3E6jMP_0UTnBiDt_fDRLg, 6krj
前端开发, Ext JS实战（第2版）, https://pan.baidu.com/s/1c5HKi0na7PfnQPLxlocXpw, zwem
前端开发, CSS重构：样式表性能调优, https://pan.baidu.com/s/1on9j9dtcWKPH-n8dYwfXIg, ymzh
前端开发, CSS揭秘, https://pan.baidu.com/s/1Ssl61ve_E7ot8pEf7viygw, n2dr
前端开发, Bootstrap用户手册 : 设计响应式网站, https://pan.baidu.com/s/1nPso0Kpqc_k7Bh8kzjw0kg, 0ubt
前端开发, Bootstrap实战, https://pan.baidu.com/s/14lVPvldnJ6ep3pQV5gcVeQ, en0o
前端开发, Node.js开发指南, https://pan.baidu.com/s/11DK29kCKOq5THPN2qcZX3w, mkyh
前端开发, React Native入门与实战, https://pan.baidu.com/s/1ByzckQOQGiIQvzd2e-hQsQ, bdjj
前端开发, 深入React技术栈, https://pan.baidu.com/s/1oOxfiCtKYn3RL51wKivhtw, 3vta
前端开发, AngularJS权威教程, https://pan.baidu.com/s/121zHo6SnQDK5cZh65C6agg, dveu
前端开发, JavaScript高级程序设计（第3版）, https://pan.baidu.com/s/1t7bOcBchZNeZ3Yol8gtL0A, w8dx
前端开发, JavaScript设计模式与开发实践, https://pan.baidu.com/s/1AMFkfqtdrpTe_1ZARNA2qg, 460y
Javascript, JavaScript语言精粹 : 修订版, https://pan.baidu.com/s/1GuyklPUhlFE7jQsKOVn3NA, arpq
Javascript, JavaScript面向对象编程指南（第2版）, https://pan.baidu.com/s/1Wkq2df1T455J6rgNHRhJ4Q, mj7v
Javascript, JavaScript DOM编程艺术 （第2版）, https://pan.baidu.com/s/1m9iIqxifM-oBK7u_VwvaKg, 5xll
Javascript, JavaScript入门经典 : javascript入门经典, https://pan.baidu.com/s/1gguFqgJw355dkQM6Jfz0gQ, 3ntq
Javascript, JavaScript权威指南(第6版), https://pan.baidu.com/s/1Cb9uYc3CSycO12rlXbpJTw, 0kwq
Javascript, 学习JavaScript数据结构与算法（第2版）, https://pan.baidu.com/s/1aOCAh2P4kC4SRgtEUhhX-A, d5ag
Javascript, 同构JavaScript应用开发, https://pan.baidu.com/s/158f5YfmCBgaAYstRWVeieg, 4l3c
Javascript, 数据结构与算法JavaScript描述, https://pan.baidu.com/s/1RHwXxC-Kc8JUhvkXLgFE3Q, 8l33
Javascript, 你不知道的JavaScript（下卷）, https://pan.baidu.com/s/1Tfvs5ATB-5GGFq6owweMhQ, gjli
Javascript, 你不知道的JavaScript（中卷）, https://pan.baidu.com/s/1-8sQszI6Y_LY5BGrwwN_RA, ttpw
Javascript, 你不知道的JavaScript（上卷）, https://pan.baidu.com/s/1Q6Qi4vNpVXkh0R6CJ7PbuA, y0y1
Javascript, JavaScript异步编程 : 设计快速响应的网络应用, https://pan.baidu.com/s/1slq93yInTCBFKeq5rXtirg, fene
Javascript, JavaScript快速全栈开发, https://pan.baidu.com/s/1L01wUOfx4ZxPAf0Uh2fCVQ, ezqk
Javascript, JavaScript基础教程（第9版）, https://pan.baidu.com/s/1ygbB-xqCpokj0LDlhtVggg, uc2m
Javascript, JavaScript编程全解, https://pan.baidu.com/s/1FugAb3p3XaAi0bnFAwciCQ, t6hx
Javascript, JavaScript编程精粹, https://pan.baidu.com/s/1E80CONcCA_c1B-5np8EC6g, kvrn
Javascript, JavaScript Web应用开发, https://pan.baidu.com/s/1HEua3k8F9qc0tYiWM0sghw, r5u3
Javascript, Head First JavaScript程序设计, https://pan.baidu.com/s/1Y3E6jMP_0UTnBiDt_fDRLg, 6krj
Javascript, JavaScript高级程序设计（第3版）, https://pan.baidu.com/s/1t7bOcBchZNeZ3Yol8gtL0A, w8dx
Javascript, JavaScript设计模式与开发实践, https://pan.baidu.com/s/1AMFkfqtdrpTe_1ZARNA2qg, 460y
Node.js, 深入浅出Node.js, https://pan.baidu.com/s/1GwX9ebwp1Fi5MbNf5tPkfQ, v5w1
Node.js, Node与Express开发, https://pan.baidu.com/s/17NtW1D_8UpgA-0QPc9W-Fw, coix
Node.js, Node即学即用, https://pan.baidu.com/s/1OmfrJEejEQtPpxpeY1BpwQ, 6193
Node.js, Node.js实战, https://pan.baidu.com/s/11vB40AfaLEYwQPse44WLLg, o9xw
Node.js, Node.js开发指南, https://pan.baidu.com/s/11DK29kCKOq5THPN2qcZX3w, mkyh
HTML&CSS, CSS世界, https://pan.baidu.com/s/1LZBaGQyhYDtURZUvc5pUVg, fcjp
HTML&CSS, 响应式Web设计 : HTML5和CSS3实战, https://pan.baidu.com/s/14BsyjVXfHzVmTNdU1R2CpQ, a13f
HTML&CSS, 响应式Web设计 : HTML5和CSS3实战, https://pan.baidu.com/s/1U_FmOtgOZ6a9KfDMamC_Ug, xifa
HTML&CSS, Sass与Compass实战, https://pan.baidu.com/s/1C-RZXnNE60im83nxjK4GVQ, og65
HTML&CSS, HTML5与WebGL编程, https://pan.baidu.com/s/1INi_CNe1GaiGlHzDNj3ArQ, 3bok
HTML&CSS, HTML5与CSS3基础教程（第8版）, https://pan.baidu.com/s/1GNc6n90X1ngywoo3Ztqh1Q, me0q
HTML&CSS, HTML5秘籍（第2版）, https://pan.baidu.com/s/18eZo7iAEo7IL6meIWMduEg, fk5g
HTML&CSS, CSS重构：样式表性能调优, https://pan.baidu.com/s/1on9j9dtcWKPH-n8dYwfXIg, ymzh
HTML&CSS, CSS揭秘, https://pan.baidu.com/s/1Ssl61ve_E7ot8pEf7viygw, n2dr
框架&库, Vue.js前端开发 : 快速入门与专业应用, https://pan.baidu.com/s/1BHe3KgSwt95EuqB9GZzqqw, 12d3
框架&库, React设计模式与最佳实践, https://pan.baidu.com/s/1hh7qt21r5STmWV4Dab4p6Q, ps9n
框架&库, React快速上手开发, https://pan.baidu.com/s/1DzUX7YEQgVc15jqnqUEPcg, 3jto
框架&库, React Native应用开发实例解析, https://pan.baidu.com/s/1PvTdVIPfhsEKQfYR-2AGHA, jqae
框架&库, React Native开发指南, https://pan.baidu.com/s/14h61wEx2FVfEoww5d0HwmA, b6go
框架&库, MEAN Web开发, https://pan.baidu.com/s/1TS8gOI-BHUrgF95Z7d2gMg, i53k
框架&库, jQuery实战（第2版）, https://pan.baidu.com/s/1t5dn7kzaYbd6VGCii7J5nA, 7r9x
框架&库, jQuery基础教程 （第4版）, https://pan.baidu.com/s/1a7GeJinA9g_A1n9qQvtyYA, yu33
框架&库, Ext JS实战（第2版）, https://pan.baidu.com/s/1c5HKi0na7PfnQPLxlocXpw, zwem
框架&库, Bootstrap用户手册 : 设计响应式网站, https://pan.baidu.com/s/1nPso0Kpqc_k7Bh8kzjw0kg, 0ubt
框架&库, Bootstrap实战, https://pan.baidu.com/s/14lVPvldnJ6ep3pQV5gcVeQ, en0o
框架&库, React Native入门与实战, https://pan.baidu.com/s/1ByzckQOQGiIQvzd2e-hQsQ, bdjj
框架&库, 深入React技术栈, https://pan.baidu.com/s/1oOxfiCtKYn3RL51wKivhtw, 3vta
框架&库, AngularJS权威教程, https://pan.baidu.com/s/121zHo6SnQDK5cZh65C6agg, dveu
其他, HTML 5应用开发实践指南, https://pan.baidu.com/s/1Rsxer-BOWl8BxmhbwAdQng, 4p4f
其他, 微信小程序(开发入门及案例详解), https://pan.baidu.com/s/1OeGvdksS9Xixa-plAmNoiw, 2ozo
其他, WebKit技术内幕, https://pan.baidu.com/s/1ITLeNc59tDQ7Z6WSgR1A1Q, bozz
其他, 现代前端技术解析, https://pan.baidu.com/s/1cG6AeKZcAMpSpVUGKZq9Ww, 61q3
其他, 深入理解SVG, https://pan.baidu.com/s/13GK-b1_8AzfqoXb5jeSEAA, yi2v
其他, 全端Web开发 : 使用JavaScript与Java, https://pan.baidu.com/s/1yCr5vIwn1bNIyGLkA_1UkA, 7q2g
其他, 前端架构设计 : 让前端开发可持续优化、可扩展, https://pan.baidu.com/s/1A58Sv4-znafcFoetapdhcQ, bh8w
其他, 客户端存储技术, https://pan.baidu.com/s/1vpUsEyQn3OmD1Vj_Wfw0zA, wkd6
其他, Web开发权威指南, https://pan.baidu.com/s/1zB9guV0fCq39OrOSNir0_g, hudp
其他, SVG精髓（第2版）, https://pan.baidu.com/s/1XSnseRiBq8nQ90qm24cX6Q, ilrp
后端开发, Java核心技术·卷 I（原书第10版） : 基础知识, https://pan.baidu.com/s/1-1wc6DF9oHZ5VmVwYwZJYQ, 33pb
后端开发, Netty权威指南, https://pan.baidu.com/s/1aVZK84Vt0NTbVcXIkoTveA, wqrj
后端开发, Go 语言程序设计, https://pan.baidu.com/s/1OfWEaKSBdJuZeuUjZk_VLQ, xb78
后端开发, Python Linux系统管理与自动化运维, https://pan.baidu.com/s/1FQ8gQkky2pNlLB8B3iijew, wdn7
后端开发, 跟老齐学Python : 从入门到精通, https://pan.baidu.com/s/1sYyi6fop-9W8E8KPp1bbXg, qdk6
后端开发, Rust编程之道, https://pan.baidu.com/s/1PlENAb4EtsyOvjJb414Bpg, 6nqv
后端开发, C++ Templates中文版, https://pan.baidu.com/s/1Nv96OsxUKErg-cdVc4-FGQ, o1dq
后端开发, C语言接口与实现 : 创建可重用软件的技术, https://pan.baidu.com/s/1asbzDuHi7TXA-1WHEvShmg, zus9
后端开发, 啊哈C语言！逻辑的挑战（修订版）, https://pan.baidu.com/s/1SzA32lyzlJur9ePFc3HqXA, rqea
后端开发, 编写高质量代码：改善Python程序的91个建议, https://pan.baidu.com/s/1T52o5UPHOf9W4Vw4yU8xqw, i63u
后端开发, 精通Hibernate, https://pan.baidu.com/s/1nf1k-7rdjOW3nYEsjtd8jg, k52a
后端开发, 七周七并发模型, https://pan.baidu.com/s/1N6ngcrlOxuHjJbgjqbUnfQ, i4i2
后端开发, Effective java 中文版（第2版）, https://pan.baidu.com/s/1sS1y3eLJKyACZ76nUJCWLg, qcpj
后端开发, Java编程思想 （第4版）, https://pan.baidu.com/s/17a7Z5zl_y8DJ4VTd5bTgVA, rsxw
后端开发, C程序设计语言 : 第 2 版·新版, https://pan.baidu.com/s/1i8sjhx_ymiRcdby2zMUy6Q, gr15
后端开发, 大话Java性能优化 : 轻松道破软件性能调优方法论和具体实现路径，全面细致，一本书搞定性能优化, https://pan.baidu.com/s/1vcCUUrUEabWB0NxgHL2ImA, eaz3
后端开发, PHP核心技术与最佳实践, https://pan.baidu.com/s/1D2dTB8O-xgnJlj2CPPcFYg, qcxf
后端开发, Go Web编程, https://pan.baidu.com/s/1-koKQOjlnlzj4ZPiP1mQSA, d5xp
后端开发, 实战Java高并发程序设计, https://pan.baidu.com/s/1VbFYK7dApPQ2GXuCD_WxeQ, ehnc
后端开发, 像计算机科学家一样思考Python (第2版), https://pan.baidu.com/s/1wM6WQsq_ZG2pN2kH5mwqdA, 67zb
后端开发, 深入浅出WPF : CSDN最火爆专家博主”水之真谛”心血结晶, https://pan.baidu.com/s/1yGAfLR666DQEb-_398KPLQ, dws7
后端开发, 自己动手写Java虚拟机, https://pan.baidu.com/s/1pSlVPRvC0h_of-5EOI1ZtA, 3db8
后端开发, Python学习手册（第4版）, https://pan.baidu.com/s/1X0gkObQzEUR0Q_yTFSDWaQ, l8su
后端开发, C陷阱与缺陷, https://pan.baidu.com/s/1oxo-wAnTO0U4r3vRa4Tdfw, lx0x
后端开发, 精通Java并发编程（第2版）, https://pan.baidu.com/s/1X47BixcWk7ix5Tvo1ejOoQ, 9dhd
后端开发, Maven实战, https://pan.baidu.com/s/1PHoHOFVnxcsVvsxMff0r4Q, dirq
后端开发, Spring Cloud微服务实战, https://pan.baidu.com/s/11EnEO-_teOzGQH6HCWFqyA, aiv5
后端开发, Linux多线程服务端编程 : 使用muduo C++网络库, https://pan.baidu.com/s/1y8Ew3-cYV5pxC_bhcj2DIA, 8b8v
后端开发, 深入理解C++11 : C++ 11新特性解析与应用, https://pan.baidu.com/s/1bizHpCMsjo0APgU5B3-3hA, vl8u
后端开发, Java并发编程的艺术, https://pan.baidu.com/s/1UoCM9f4w_JCwBJQuf8pnTA, bxhm
后端开发, C语言编程魔法书 : 基于C11标准, https://pan.baidu.com/s/13vqDaR4DpG3gLWAT3_kTjA, 4sb6
后端开发, Effective STL中文版-50条有效使用STL的经验 : 50条有效使用STL的经验, https://pan.baidu.com/s/1ls6xqUjdIICDbW27Ajs6wg, 29ut
后端开发, PyQt5快速开发与实战, https://pan.baidu.com/s/1f37DNDAiariI7gYTBPPNww, lox3
后端开发, 精通Python爬虫框架Scrapy, https://pan.baidu.com/s/1OirXZlWf0MV6fUofNQiBrg, 1ixx
后端开发, JavaEE开发的颠覆者: Spring Boot实战 : Spring Boot实战, https://pan.baidu.com/s/1NdkjQUS0Hn7_JH8S13Cj2A, l13k
后端开发, 深入浅出Rust, https://pan.baidu.com/s/1tdWhaghLejtOSPydYDeRqw, fxnu
后端开发, Python极客项目编程, https://pan.baidu.com/s/19yk-URXwBgYvXnfNPitGzg, 49gm
后端开发, Go Web 编程, https://pan.baidu.com/s/1VhR9-SV_V84Tp2BE_vejXA, 5mbp
后端开发, C#入门经典（第7版） : C# 6.0 & Visual Studio 2015, https://pan.baidu.com/s/1xchyXi2ectd1sj-N9Yoymg, kpcl
后端开发, "笨办法"学Python, https://pan.baidu.com/s/1atOQIjefLWN1uflDqRhC6w, eloi
后端开发, C和指针, https://pan.baidu.com/s/1VkBUqmizWfLyCj7M2TBpRw, 0tal
后端开发, Java入门经典（第7版）, https://pan.baidu.com/s/1PGZ1geI5tTMAkhK256TPsg, n8pf
后端开发, PHP、MySQL和Apache入门经典, https://pan.baidu.com/s/1hmVs48KZJ5aKnsrAfu2X3Q, sxib
后端开发, C语言从入门到精通, https://pan.baidu.com/s/12Oz6EQq88edEeNExx48ajQ, uuxn
后端开发, Java从入门到精通(第4版）, https://pan.baidu.com/s/1nO0W6LlZwttkGmWXjcwUrw, bvok
后端开发, Spring微服务实战, https://pan.baidu.com/s/1tfIHk5oCYkDkgFwksI3Kqw, 068k
后端开发, 教孩子学编程 python语言版, https://pan.baidu.com/s/16mCiRqPVewFz2G6sVyWYWg, ttak
后端开发, Spring源码深度解析, https://pan.baidu.com/s/1-hWE0NZ4LZujkEQrBtrh8A, 6z58
后端开发, Java编程的逻辑, https://pan.baidu.com/s/1iagYa76BwYDdvIFZe60cBw, z5yl
后端开发, Spring实战（第4版）, https://pan.baidu.com/s/1gyn-pTLfPfFx6XRaygZiGw, o38i
后端开发, Netty实战 : Netty IN ACTION, https://pan.baidu.com/s/1Ow8SRREkpb7RmsPzvFpFvw, 5ulv
后端开发, 从Python开始学编程, https://pan.baidu.com/s/1IMHd8aPWmvSIQawpgkuf7w, mwe7
后端开发, 深入理解Java虚拟机（第2版） : JVM高级特性与最佳实践, https://pan.baidu.com/s/1CBEIjDTG08r0pioZ7gdo2w, kp8q
后端开发, C Primer Plus（第6版）中文版 : 第六版, https://pan.baidu.com/s/1apAAar0HBRRRwueoEXuQ_w, krcx
后端开发, C++ Primer Plus : 中文版（第六版）, https://pan.baidu.com/s/1D3NAirfyjEEVmPs2blma1w, ssuf
后端开发, Mastering Django : Core: The Complete Guide to Django 1.8 LTS, https://pan.baidu.com/s/1p0kY_cuc1H1KWzfkEFggig, 794g
后端开发, 图灵程序设计丛书：学习R : 学习R, https://pan.baidu.com/s/1klDM-rxwBGOiZuPwdD4fxw, g1on
后端开发, 深入理解C#（第3版）, https://pan.baidu.com/s/1KBHBlFFKYGZjxRC2sYHgTg, c4sw
后端开发, 精通Python设计模式, https://pan.baidu.com/s/1MBxZBbFA-3IOqxWQi9D2sg, zs7c
后端开发, 七周七语言 : 理解多种编程范型, https://pan.baidu.com/s/1Rx8lc3rzXeiEfdAMo1rW8A, evuf
后端开发, 函数式编程思维, https://pan.baidu.com/s/1gUN05NYAZcPlrVNjQ25Iow, lysw
后端开发, 父与子的编程之旅 : 与小卡特一起学Python, https://pan.baidu.com/s/1DsEZYajT6XPBnpVPxtpuLg, rai7
后端开发, Swift基础教程 第2版, https://pan.baidu.com/s/1hP_vqSyeWF_wC0NiT-_PVQ, un9u
后端开发, Swift编程权威指南（第2版）, https://pan.baidu.com/s/16dBTYjdHe29UH-aQbokrEw, fmcg
后端开发, Spring Boot实战, https://pan.baidu.com/s/1RNY76lKPuHBqIqjOeAI94g, gnkg
后端开发, Scala程序设计（第2版）, https://pan.baidu.com/s/1f3CkYvtncuux854-CcI1-Q, 84q8
后端开发, R语言实战（第2版）, https://pan.baidu.com/s/1exZQ86IR0xWf02I8Wm2sXA, 0sss
后端开发, R数据科学, https://pan.baidu.com/s/1nvrrf4HOFINwdyCSoFrDMA, s6wo
后端开发, Python语言及其应用, https://pan.baidu.com/s/1xcGNGc4bvUrPG35--GiGew, tcrq
后端开发, Python网络数据采集, https://pan.baidu.com/s/1X9PBQbaCoF2n9VhPFrOLRg, l10t
后端开发, Python基础教程, https://pan.baidu.com/s/1hP-nWZrobvC5W7Bzrve4LQ, xb7o
后端开发, Python测试驱动开发 : 使用Django、Selenium和JavaScript进行Web编程（第2版）, https://pan.baidu.com/s/1zwdTvUg8rShitwdEFPOnmA, t9ys
后端开发, Python编程快速上手 : 让繁琐工作自动化, https://pan.baidu.com/s/1eRvb15P2sBAUhBf05cyovA, wa88
后端开发, Python编程导论（第2版）, https://pan.baidu.com/s/1QsJatlQ1yvXxIjqZTVSA7g, 25rn
后端开发, Python编程 : 从入门到实践, https://pan.baidu.com/s/1ezH9kztLF6y3lCcliTxBGA, tryz
后端开发, Python Web开发：测试驱动方法 : 测试驱动方法, https://pan.baidu.com/s/161bm525DS7ltruMM7p_SsA, cnlj
后端开发, Java性能权威指南, https://pan.baidu.com/s/1Nkf1rXGLzf83tHBdxCIAFA, j22d
后端开发, Java技术手册（第6版）, https://pan.baidu.com/s/1ERtZo4zKtlMZ44DmfnNXoA, ee4i
后端开发, Java测试驱动开发, https://pan.baidu.com/s/1g_RQGY_4NBETg6FQyrTb-w, 0gv8
后端开发, Java 8实战, https://pan.baidu.com/s/1xwklIWJZ9rZrd4Q1mAZ1JQ, iyp3
后端开发, Java 8函数式编程, https://pan.baidu.com/s/1Bc-tDPFKoafYIRvXQJDzAw, 2v82
后端开发, Erlang程序设计（第2版）, https://pan.baidu.com/s/1z1807umAUZ9e_m5Ssa5XJA, apsc
后端开发, Erlang/OTP并发编程实战, https://pan.baidu.com/s/1gM-SZzfUpK9n_7Vq1ASomA, 2yim
后端开发, Clojure经典实例, https://pan.baidu.com/s/1tyOZ5Rduwx0F4HV2rS_K_g, 4t2o
后端开发, C++性能优化指南, https://pan.baidu.com/s/19TuRLFSvJTpn_mFhtqdrDQ, tmie
后端开发, C#敏捷开发实践, https://pan.baidu.com/s/1eM9_5-JeEt6-q7xyM9KKgQ, 2c5a
后端开发, C#经典实例（第4版）, https://pan.baidu.com/s/1C9M47o5Uzge6UdQchE5Hdg, vm6g
后端开发, C#并发编程经典实例, https://pan.baidu.com/s/1hWKTH9rKQ4e-jSLBDjlikA, 5bz5
后端开发, Python程序设计（第3版）, https://pan.baidu.com/s/1cKKPxXSzmp1-IvFAeBlkVg, yo1u
后端开发, Python高性能编程, https://pan.baidu.com/s/1b8L0Ru2GcUEd_NwaB_5J3g, z8xx
后端开发, Python核心编程（第3版）, https://pan.baidu.com/s/1nPuGqnGN_cIP4Wb6p8x2yw, rdud
后端开发, 嗨翻C语言, https://pan.baidu.com/s/138tTS4kkkMbX1HbIvK7bmA, nswt
后端开发, The Way To Go : A Thorough Introduction To The Go Programming Language, https://pan.baidu.com/s/1Jfs5-dOmngfrStKLzOJS_g, iuo7
后端开发, Go语言实战, https://pan.baidu.com/s/1ejl6H6OEQdpfpN5WTz7vYQ, j9fh
后端开发, Flask Web Development : Developing Web Applications with Python, https://pan.baidu.com/s/1ZlOWeXR4sHM66ctXyeF_bg, q6k4
后端开发, Flask Web开发：基于Python的Web应用开发实战, https://pan.baidu.com/s/10WOoN1lN9hxywavZDN1kXA, rxcc
后端开发, Go语言编程, https://pan.baidu.com/s/1XpkBdzXUFscVeuDzB4s10g, os0d
后端开发, Python Cookbook 中文版，第 3 版, https://pan.baidu.com/s/1o11ID1D1wEvdsjfooZG4qA, 4bck
后端开发, 流畅的Python, https://pan.baidu.com/s/1QYlGGzlQ6WUQQBjIDNZxyA, yzr9
Python, Python Linux系统管理与自动化运维, https://pan.baidu.com/s/1FQ8gQkky2pNlLB8B3iijew, wdn7
Python, 跟老齐学Python : 从入门到精通, https://pan.baidu.com/s/1sYyi6fop-9W8E8KPp1bbXg, qdk6
Python, 编写高质量代码：改善Python程序的91个建议, https://pan.baidu.com/s/1T52o5UPHOf9W4Vw4yU8xqw, i63u
Python, 像计算机科学家一样思考Python (第2版), https://pan.baidu.com/s/1wM6WQsq_ZG2pN2kH5mwqdA, 67zb
Python, Python学习手册（第4版）, https://pan.baidu.com/s/1X0gkObQzEUR0Q_yTFSDWaQ, l8su
Python, PyQt5快速开发与实战, https://pan.baidu.com/s/1f37DNDAiariI7gYTBPPNww, lox3
Python, 精通Python爬虫框架Scrapy, https://pan.baidu.com/s/1OirXZlWf0MV6fUofNQiBrg, 1ixx
Python, Python极客项目编程, https://pan.baidu.com/s/19yk-URXwBgYvXnfNPitGzg, 49gm
Python, "笨办法"学Python, https://pan.baidu.com/s/1atOQIjefLWN1uflDqRhC6w, eloi
Python, 教孩子学编程 python语言版, https://pan.baidu.com/s/16mCiRqPVewFz2G6sVyWYWg, ttak
Python, 从Python开始学编程, https://pan.baidu.com/s/1IMHd8aPWmvSIQawpgkuf7w, mwe7
Python, Mastering Django : Core: The Complete Guide to Django 1.8 LTS, https://pan.baidu.com/s/1p0kY_cuc1H1KWzfkEFggig, 794g
Python, 精通Python设计模式, https://pan.baidu.com/s/1MBxZBbFA-3IOqxWQi9D2sg, zs7c
Python, 父与子的编程之旅 : 与小卡特一起学Python, https://pan.baidu.com/s/1DsEZYajT6XPBnpVPxtpuLg, rai7
Python, Python语言及其应用, https://pan.baidu.com/s/1xcGNGc4bvUrPG35--GiGew, tcrq
Python, Python网络数据采集, https://pan.baidu.com/s/1X9PBQbaCoF2n9VhPFrOLRg, l10t
Python, Python基础教程, https://pan.baidu.com/s/1hP-nWZrobvC5W7Bzrve4LQ, xb7o
Python, Python测试驱动开发 : 使用Django、Selenium和JavaScript进行Web编程（第2版）, https://pan.baidu.com/s/1zwdTvUg8rShitwdEFPOnmA, t9ys
Python, Python编程快速上手 : 让繁琐工作自动化, https://pan.baidu.com/s/1eRvb15P2sBAUhBf05cyovA, wa88
Python, Python编程导论（第2版）, https://pan.baidu.com/s/1QsJatlQ1yvXxIjqZTVSA7g, 25rn
Python, Python编程 : 从入门到实践, https://pan.baidu.com/s/1ezH9kztLF6y3lCcliTxBGA, tryz
Python, Python Web开发：测试驱动方法 : 测试驱动方法, https://pan.baidu.com/s/161bm525DS7ltruMM7p_SsA, cnlj
Python, Python程序设计（第3版）, https://pan.baidu.com/s/1cKKPxXSzmp1-IvFAeBlkVg, yo1u
Python, Python高性能编程, https://pan.baidu.com/s/1b8L0Ru2GcUEd_NwaB_5J3g, z8xx
Python, Python核心编程（第3版）, https://pan.baidu.com/s/1nPuGqnGN_cIP4Wb6p8x2yw, rdud
Python, Flask Web Development : Developing Web Applications with Python, https://pan.baidu.com/s/1ZlOWeXR4sHM66ctXyeF_bg, q6k4
Python, Flask Web开发：基于Python的Web应用开发实战, https://pan.baidu.com/s/10WOoN1lN9hxywavZDN1kXA, rxcc
Python, Python Cookbook 中文版，第 3 版, https://pan.baidu.com/s/1o11ID1D1wEvdsjfooZG4qA, 4bck
Python, 流畅的Python, https://pan.baidu.com/s/1QYlGGzlQ6WUQQBjIDNZxyA, yzr9
Java, Java核心技术·卷 I（原书第10版） : 基础知识, https://pan.baidu.com/s/1-1wc6DF9oHZ5VmVwYwZJYQ, 33pb
Java, Netty权威指南, https://pan.baidu.com/s/1aVZK84Vt0NTbVcXIkoTveA, wqrj
Java, 精通Hibernate, https://pan.baidu.com/s/1nf1k-7rdjOW3nYEsjtd8jg, k52a
Java, Effective java 中文版（第2版）, https://pan.baidu.com/s/1sS1y3eLJKyACZ76nUJCWLg, qcpj
Java, Java编程思想 （第4版）, https://pan.baidu.com/s/17a7Z5zl_y8DJ4VTd5bTgVA, rsxw
Java, 大话Java性能优化 : 轻松道破软件性能调优方法论和具体实现路径，全面细致，一本书搞定性能优化, https://pan.baidu.com/s/1vcCUUrUEabWB0NxgHL2ImA, eaz3
Java, 实战Java高并发程序设计, https://pan.baidu.com/s/1VbFYK7dApPQ2GXuCD_WxeQ, ehnc
Java, 自己动手写Java虚拟机, https://pan.baidu.com/s/1pSlVPRvC0h_of-5EOI1ZtA, 3db8
Java, 精通Java并发编程（第2版）, https://pan.baidu.com/s/1X47BixcWk7ix5Tvo1ejOoQ, 9dhd
Java, Maven实战, https://pan.baidu.com/s/1PHoHOFVnxcsVvsxMff0r4Q, dirq
Java, Spring Cloud微服务实战, https://pan.baidu.com/s/11EnEO-_teOzGQH6HCWFqyA, aiv5
Java, Java并发编程的艺术, https://pan.baidu.com/s/1UoCM9f4w_JCwBJQuf8pnTA, bxhm
Java, JavaEE开发的颠覆者: Spring Boot实战 : Spring Boot实战, https://pan.baidu.com/s/1NdkjQUS0Hn7_JH8S13Cj2A, l13k
Java, Java入门经典（第7版）, https://pan.baidu.com/s/1PGZ1geI5tTMAkhK256TPsg, n8pf
Java, Java从入门到精通(第4版）, https://pan.baidu.com/s/1nO0W6LlZwttkGmWXjcwUrw, bvok
Java, Spring微服务实战, https://pan.baidu.com/s/1tfIHk5oCYkDkgFwksI3Kqw, 068k
Java, Spring源码深度解析, https://pan.baidu.com/s/1-hWE0NZ4LZujkEQrBtrh8A, 6z58
Java, Java编程的逻辑, https://pan.baidu.com/s/1iagYa76BwYDdvIFZe60cBw, z5yl
Java, Spring实战（第4版）, https://pan.baidu.com/s/1gyn-pTLfPfFx6XRaygZiGw, o38i
Java, Netty实战 : Netty IN ACTION, https://pan.baidu.com/s/1Ow8SRREkpb7RmsPzvFpFvw, 5ulv
Java, 深入理解Java虚拟机（第2版） : JVM高级特性与最佳实践, https://pan.baidu.com/s/1CBEIjDTG08r0pioZ7gdo2w, kp8q
Java, Spring Boot实战, https://pan.baidu.com/s/1RNY76lKPuHBqIqjOeAI94g, gnkg
Java, Java性能权威指南, https://pan.baidu.com/s/1Nkf1rXGLzf83tHBdxCIAFA, j22d
Java, Java技术手册（第6版）, https://pan.baidu.com/s/1ERtZo4zKtlMZ44DmfnNXoA, ee4i
Java, Java测试驱动开发, https://pan.baidu.com/s/1g_RQGY_4NBETg6FQyrTb-w, 0gv8
Java, Java 8实战, https://pan.baidu.com/s/1xwklIWJZ9rZrd4Q1mAZ1JQ, iyp3
Java, Java 8函数式编程, https://pan.baidu.com/s/1Bc-tDPFKoafYIRvXQJDzAw, 2v82
C, C语言接口与实现 : 创建可重用软件的技术, https://pan.baidu.com/s/1asbzDuHi7TXA-1WHEvShmg, zus9
C, 啊哈C语言！逻辑的挑战（修订版）, https://pan.baidu.com/s/1SzA32lyzlJur9ePFc3HqXA, rqea
C, C程序设计语言 : 第 2 版·新版, https://pan.baidu.com/s/1i8sjhx_ymiRcdby2zMUy6Q, gr15
C, C陷阱与缺陷, https://pan.baidu.com/s/1oxo-wAnTO0U4r3vRa4Tdfw, lx0x
C, C语言编程魔法书 : 基于C11标准, https://pan.baidu.com/s/13vqDaR4DpG3gLWAT3_kTjA, 4sb6
C, C和指针, https://pan.baidu.com/s/1VkBUqmizWfLyCj7M2TBpRw, 0tal
C, C语言从入门到精通, https://pan.baidu.com/s/12Oz6EQq88edEeNExx48ajQ, uuxn
C, C Primer Plus（第6版）中文版 : 第六版, https://pan.baidu.com/s/1apAAar0HBRRRwueoEXuQ_w, krcx
C, 嗨翻C语言, https://pan.baidu.com/s/138tTS4kkkMbX1HbIvK7bmA, nswt
C++, C++ Templates中文版, https://pan.baidu.com/s/1Nv96OsxUKErg-cdVc4-FGQ, o1dq
C++, Linux多线程服务端编程 : 使用muduo C++网络库, https://pan.baidu.com/s/1y8Ew3-cYV5pxC_bhcj2DIA, 8b8v
C++, 深入理解C++11 : C++ 11新特性解析与应用, https://pan.baidu.com/s/1bizHpCMsjo0APgU5B3-3hA, vl8u
C++, Effective STL中文版-50条有效使用STL的经验 : 50条有效使用STL的经验, https://pan.baidu.com/s/1ls6xqUjdIICDbW27Ajs6wg, 29ut
C++, C++ Primer Plus : 中文版（第六版）, https://pan.baidu.com/s/1D3NAirfyjEEVmPs2blma1w, ssuf
C++, C++性能优化指南, https://pan.baidu.com/s/19TuRLFSvJTpn_mFhtqdrDQ, tmie
C#, 深入浅出WPF : CSDN最火爆专家博主”水之真谛”心血结晶, https://pan.baidu.com/s/1yGAfLR666DQEb-_398KPLQ, dws7
C#, C#入门经典（第7版） : C# 6.0 & Visual Studio 2015, https://pan.baidu.com/s/1xchyXi2ectd1sj-N9Yoymg, kpcl
C#, 深入理解C#（第3版）, https://pan.baidu.com/s/1KBHBlFFKYGZjxRC2sYHgTg, c4sw
C#, C#敏捷开发实践, https://pan.baidu.com/s/1eM9_5-JeEt6-q7xyM9KKgQ, 2c5a
C#, C#经典实例（第4版）, https://pan.baidu.com/s/1C9M47o5Uzge6UdQchE5Hdg, vm6g
C#, C#并发编程经典实例, https://pan.baidu.com/s/1hWKTH9rKQ4e-jSLBDjlikA, 5bz5
Go, Go 语言程序设计, https://pan.baidu.com/s/1OfWEaKSBdJuZeuUjZk_VLQ, xb78
Go, Go Web编程, https://pan.baidu.com/s/1-koKQOjlnlzj4ZPiP1mQSA, d5xp
Go, Go Web 编程, https://pan.baidu.com/s/1VhR9-SV_V84Tp2BE_vejXA, 5mbp
Go, The Way To Go : A Thorough Introduction To The Go Programming Language, https://pan.baidu.com/s/1Jfs5-dOmngfrStKLzOJS_g, iuo7
Go, Go语言实战, https://pan.baidu.com/s/1ejl6H6OEQdpfpN5WTz7vYQ, j9fh
Go, Go语言编程, https://pan.baidu.com/s/1XpkBdzXUFscVeuDzB4s10g, os0d
PHP, PHP核心技术与最佳实践, https://pan.baidu.com/s/1D2dTB8O-xgnJlj2CPPcFYg, qcxf
PHP, PHP、MySQL和Apache入门经典, https://pan.baidu.com/s/1hmVs48KZJ5aKnsrAfu2X3Q, sxib
Swift, Swift基础教程 第2版, https://pan.baidu.com/s/1hP_vqSyeWF_wC0NiT-_PVQ, un9u
Swift, Swift编程权威指南（第2版）, https://pan.baidu.com/s/16dBTYjdHe29UH-aQbokrEw, fmcg
Erlang, Erlang程序设计（第2版）, https://pan.baidu.com/s/1z1807umAUZ9e_m5Ssa5XJA, apsc
Erlang, Erlang/OTP并发编程实战, https://pan.baidu.com/s/1gM-SZzfUpK9n_7Vq1ASomA, 2yim
Rust, Rust编程之道, https://pan.baidu.com/s/1PlENAb4EtsyOvjJb414Bpg, 6nqv
Rust, 深入浅出Rust, https://pan.baidu.com/s/1tdWhaghLejtOSPydYDeRqw, fxnu
其他, 七周七并发模型, https://pan.baidu.com/s/1N6ngcrlOxuHjJbgjqbUnfQ, i4i2
其他, 图灵程序设计丛书：学习R : 学习R, https://pan.baidu.com/s/1klDM-rxwBGOiZuPwdD4fxw, g1on
其他, 七周七语言 : 理解多种编程范型, https://pan.baidu.com/s/1Rx8lc3rzXeiEfdAMo1rW8A, evuf
其他, 函数式编程思维, https://pan.baidu.com/s/1gUN05NYAZcPlrVNjQ25Iow, lysw
其他, Scala程序设计（第2版）, https://pan.baidu.com/s/1f3CkYvtncuux854-CcI1-Q, 84q8
其他, R语言实战（第2版）, https://pan.baidu.com/s/1exZQ86IR0xWf02I8Wm2sXA, 0sss
其他, R数据科学, https://pan.baidu.com/s/1nvrrf4HOFINwdyCSoFrDMA, s6wo
其他, Clojure经典实例, https://pan.baidu.com/s/1tyOZ5Rduwx0F4HV2rS_K_g, 4t2o
移动开发, App研发录：架构设计、Crash分析和竞品技术分析, https://pan.baidu.com/s/1k4OKf8iQ_PSH0VVU1Y0uFA, 5hcv
移动开发, 第一行代码：Android（第2版） : Android, https://pan.baidu.com/s/1Mm1U8zXpYzctinItQFHtqA, t1hl
移动开发, iOS编程基础：Swift、Xcode和Cocoa入门指南, https://pan.baidu.com/s/1LLdSWLvJVbRfIoyv8-qSog, udr8
移动开发, Android软件安全与逆向分析, https://pan.baidu.com/s/1KQfRh3hnlLYuBkuTUtj2Fw, 6kv3
移动开发, 腾讯Android自动化测试实战 : 汇集QQ浏览器、应用宝等亿级APP自动化测试精髓, https://pan.baidu.com/s/1_WOcl0iVIe-_3zSECIeCYg, uyy4
移动开发, iOS应用逆向工程 第2版, https://pan.baidu.com/s/1XZUr1-naiGEyj0xO-WvhfQ, 7dnj
移动开发, Android开发艺术探索, https://pan.baidu.com/s/1Z4R6zmZbpDZIR8-arbZyIg, 8otr
移动开发, 音视频开发进阶指南:基于Android与iOS平台的实践, https://pan.baidu.com/s/1OEzBEXqweFRyOsvJChWoXQ, tcbl
移动开发, 黑客攻防技术宝典 : iOS实战篇, https://pan.baidu.com/s/1iqVZfc3Osy09FK6E90HyZA, 5wec
移动开发, 高性能iOS应用开发, https://pan.baidu.com/s/1a803xshAk22vLo1a5-zcpQ, u332
移动开发, 高性能Android应用开发, https://pan.baidu.com/s/1D5wu_geupMg25bJSJLyKGA, 0srb
移动开发, Swift基础教程 第2版, https://pan.baidu.com/s/1hP_vqSyeWF_wC0NiT-_PVQ, un9u
移动开发, Swift编程权威指南（第2版）, https://pan.baidu.com/s/16dBTYjdHe29UH-aQbokrEw, fmcg
移动开发, React Native应用开发实例解析, https://pan.baidu.com/s/1PvTdVIPfhsEKQfYR-2AGHA, jqae
移动开发, React Native开发指南, https://pan.baidu.com/s/14h61wEx2FVfEoww5d0HwmA, b6go
移动开发, React Native入门与实战, https://pan.baidu.com/s/1ByzckQOQGiIQvzd2e-hQsQ, bdjj
移动开发, Android基础教程（第4版）, https://pan.baidu.com/s/1hmORCmBaqswgP5s65XDh6g, vvzn
移动开发, Android编程权威指南（第3版）, https://pan.baidu.com/s/1rlYJE7n_GpQUb91Xc1ntAw, v36s
IOS, iOS编程基础：Swift、Xcode和Cocoa入门指南, https://pan.baidu.com/s/1LLdSWLvJVbRfIoyv8-qSog, udr8
IOS, iOS应用逆向工程 第2版, https://pan.baidu.com/s/1XZUr1-naiGEyj0xO-WvhfQ, 7dnj
IOS, 黑客攻防技术宝典 : iOS实战篇, https://pan.baidu.com/s/1iqVZfc3Osy09FK6E90HyZA, 5wec
IOS, 高性能iOS应用开发, https://pan.baidu.com/s/1a803xshAk22vLo1a5-zcpQ, u332
IOS, Swift基础教程 第2版, https://pan.baidu.com/s/1hP_vqSyeWF_wC0NiT-_PVQ, un9u
IOS, Swift编程权威指南（第2版）, https://pan.baidu.com/s/16dBTYjdHe29UH-aQbokrEw, fmcg
Android, 第一行代码：Android（第2版） : Android, https://pan.baidu.com/s/1Mm1U8zXpYzctinItQFHtqA, t1hl
Android, Android软件安全与逆向分析, https://pan.baidu.com/s/1KQfRh3hnlLYuBkuTUtj2Fw, 6kv3
Android, 腾讯Android自动化测试实战 : 汇集QQ浏览器、应用宝等亿级APP自动化测试精髓, https://pan.baidu.com/s/1_WOcl0iVIe-_3zSECIeCYg, uyy4
Android, Android开发艺术探索, https://pan.baidu.com/s/1Z4R6zmZbpDZIR8-arbZyIg, 8otr
Android, 高性能Android应用开发, https://pan.baidu.com/s/1D5wu_geupMg25bJSJLyKGA, 0srb
Android, Android基础教程（第4版）, https://pan.baidu.com/s/1hmORCmBaqswgP5s65XDh6g, vvzn
Android, Android编程权威指南（第3版）, https://pan.baidu.com/s/1rlYJE7n_GpQUb91Xc1ntAw, v36s
其他, App研发录：架构设计、Crash分析和竞品技术分析, https://pan.baidu.com/s/1k4OKf8iQ_PSH0VVU1Y0uFA, 5hcv
其他, 音视频开发进阶指南:基于Android与iOS平台的实践, https://pan.baidu.com/s/1OEzBEXqweFRyOsvJChWoXQ, tcbl
其他, React Native应用开发实例解析, https://pan.baidu.com/s/1PvTdVIPfhsEKQfYR-2AGHA, jqae
其他, React Native开发指南, https://pan.baidu.com/s/14h61wEx2FVfEoww5d0HwmA, b6go
其他, React Native入门与实战, https://pan.baidu.com/s/1ByzckQOQGiIQvzd2e-hQsQ, bdjj
机器学习, 深入浅出强化学习：原理入门, https://pan.baidu.com/s/14-J30ND84-XiWP-q8DE5uQ, nice
机器学习, TensorFlow实战, https://pan.baidu.com/s/1j6_7U3N598gDDZux_RnHPQ, zt2y
机器学习, Tensorflow：实战Google深度学习框架, https://pan.baidu.com/s/1E190PJrlAOSsHkv5-z191g, e58f
机器学习, 白话大数据与机器学习, https://pan.baidu.com/s/1T-h7F3JAm1mYOXlRAM4Uqw, rkk7
机器学习, 自然语言处理简明教程 : 现代语言学丛书, https://pan.baidu.com/s/13RQAaqfsjgqpsEsfVNbzaQ, bt1y
机器学习, 视觉SLAM十四讲 : 从理论到实践, https://pan.baidu.com/s/1lrK52xB9MPZ8BWDofY1JCg, sts8
机器学习, TensorFlow技术解析与实战, https://pan.baidu.com/s/1LTcK_-jF7tPYK4xl7VzXjw, q2ts
机器学习, 机器学习实战：基于Scikit-Learn和TensorFlow, https://pan.baidu.com/s/1UaN9m6zD-X1uWp4eoprZIQ, ebpd
机器学习, 百面机器学习 : 算法工程师带你去面试, https://pan.baidu.com/s/1HHFoXlvDjv7uB2qzRW1ndA, 1cst
机器学习, Python神经网络编程, https://pan.baidu.com/s/1lHkOC045PE6IxZvP_-84eA, iikw
机器学习, 深度学习, https://pan.baidu.com/s/1EWl1RVWvY0nF4gAx8GtsUA, kzqm
机器学习, 深度学习 : 智能时代的核心驱动力量, https://pan.baidu.com/s/1CDVxc_-w0-s0XHdhP3feeQ, ne41
机器学习, 深度学习入门 : 基于Python的理论与实现, https://pan.baidu.com/s/19Vh5BmhuWa6tCOWk09GZVg, 124a
机器学习, 精通机器学习 : 基于R（第2版）, https://pan.baidu.com/s/1oHvdijhETZDk1yqxPCCv5w, 2z3l
机器学习, 机器学习与优化, https://pan.baidu.com/s/13rwBVbqzQP8VE-fJgUzc0g, 4nct
机器学习, 机器学习实战, https://pan.baidu.com/s/1rU8M12D4COr0Ah2HCxPoPQ, y1l8
机器学习, TensorFlow深度学习, https://pan.baidu.com/s/1AJF_c_dq02Vh4VEYVprszA, 8gvc
机器学习, Spark机器学习, https://pan.baidu.com/s/19C5EDQQEpuFqvNVn7YbhdA, ekul
机器学习, Python深度学习, https://pan.baidu.com/s/15EB7UiTntH2py7Um5yrhVQ, 7tvr
机器学习, Python计算机视觉编程, https://pan.baidu.com/s/1k_vlto1-xfwX-lM4llbyAw, 5lmo
机器学习, Python机器学习经典实例, https://pan.baidu.com/s/11ZHFUTt5klTBufgBfif3fw, wluq
机器学习, Python机器学习基础教程, https://pan.baidu.com/s/18vxGpqszJMLE4oO7DwogCw, npvf
机器学习, OpenCV计算机视觉编程攻略（第3版）, https://pan.baidu.com/s/15aa3t3TUyYcCiSVJ-pAFBg, lpal
机器学习, Hadoop深度学习, https://pan.baidu.com/s/1flvBvg4q7UJy8fz65RVujw, 3fqo
机器学习, NLTK基础教程(用NLTK和Python库构建机器学习应用) : 用NLTK和Python库构建机器学习应用, https://pan.baidu.com/s/1CmzBiB2cFKMWdf7Q2Azucw, dsys
机器学习, Python机器学习 : 预测分析核心算法 Python语言编程教程书籍, https://pan.baidu.com/s/1VY0RD_ifInq4R1sqV3HiUw, clfg
机器学习, Python机器学习实践指南, https://pan.baidu.com/s/1Ig4_WZJatQvGVc2iW10b1g, t2ml
机器学习, 精通Python自然语言处理, https://pan.baidu.com/s/1Ru4ovVBkGBNEa2gkNSWQxA, dn77
机器学习, 推荐系统实践, https://pan.baidu.com/s/14rwvFwep1EaPnA2Ss_pZZA, iunu
数据挖掘, 概率导论（第2版·修订版）, https://pan.baidu.com/s/1zvvgRhNLUVNMMFQ8p2I76A, kqo0
数据挖掘, 统计学习方法, https://pan.baidu.com/s/1AohFgvANB15-9hywE3QLAQ, lvld
数据挖掘, 深入浅出数据分析, https://pan.baidu.com/s/1K8SX08PwdE4G4Kxx9f1-HA, i2yr
数据挖掘, 数据建模经典教程, https://pan.baidu.com/s/1VuMlm4lqZiScDgDDEvpphw, 53p3
数据挖掘, 贝叶斯思维 : 统计建模的Python学习法, https://pan.baidu.com/s/1pXDzazEdlIjDjNx7uzaCvA, fk2q
数据挖掘, Python数据可视化编程实战, https://pan.baidu.com/s/1lBweQPMcx1Y1pRqjMfZADQ, 47f5
数据挖掘, 利用Python进行数据分析, https://pan.baidu.com/s/1Z8oJFH5SdY0ht_261xh6jw, ug4m
数据挖掘, 计算广告 : 互联网商业变现的市场与技术, https://pan.baidu.com/s/1ckDbFDCpowcXY6-7zTYzDA, xpuv
数据挖掘, 鲜活的数据 : 数据可视化指南, https://pan.baidu.com/s/18khuwft2Ks8MJjx93J9buw, c6us
数据挖掘, 统计思维：程序员数学之概率统计 : 程序员数学之概率统计, https://pan.baidu.com/s/1p0ZqAMmhKnIwwGOtFyvtfQ, 5ddy
数据挖掘, 数据可视化实战 : 使用D3实际交互式图表, https://pan.baidu.com/s/1FPkbqpwwXPaARge6hIWxBA, 4ymi
数据挖掘, 数据科学实战, https://pan.baidu.com/s/1uJGrThK_I1Q2Lp3Ym4Gucw, 6hsb
数据挖掘, 数据科学入门, https://pan.baidu.com/s/1VgaBEZRIis7LHj_RtWmMlQ, amwu
数据挖掘, 数据分析实战, https://pan.baidu.com/s/1gcHUE4GBqVdCnoC1wXqaiQ, lxtf
数据挖掘, 干净的数据：数据清洗入门与实践, https://pan.baidu.com/s/1tSfI49W6MBwJFRhGYTv1EA, nno1
数据挖掘, Spark快速大数据分析, https://pan.baidu.com/s/1681rFXs5O6JvIkUlHJ7zWw, 1lph
数据挖掘, Spark高级数据分析（第2版）, https://pan.baidu.com/s/1ANGVArAZy_XJo8YvNxMqyA, byo7
数据挖掘, R数据科学, https://pan.baidu.com/s/1nvrrf4HOFINwdyCSoFrDMA, s6wo
数据挖掘, Python数据挖掘入门与实践, https://pan.baidu.com/s/1CmAUmYbmZgY0mEoU_MvPiw, 7xvx
数据挖掘, Python数据科学手册, https://pan.baidu.com/s/1R5oTY-SzB57nWVGO62pcSg, s0pw
数据挖掘, Python数据分析基础教程（第2版） : NumPy学习指南, https://pan.baidu.com/s/1oTjTpbvWNdArL-iKYvXWow, x5mz
数据挖掘, Python数据分析基础, https://pan.baidu.com/s/1TmmU7o1dDVxddZSm1PSUVw, mptd
数据挖掘, Python数据处理, https://pan.baidu.com/s/1cvYGEPfTqLBxQ9Dxaup1aQ, 4avp
数据挖掘, 统计学大师之路 : 乔治·博克斯回忆录, https://pan.baidu.com/s/1Pb8eD7GdKAo0rL-c_9rCWQ, 0b02
数据挖掘, 统计学七支柱, https://pan.baidu.com/s/1rpnSM0F3th3y8Xa365cGBA, pj5j
数据挖掘, 人人都是数据分析师 : Tableau应用实战, https://pan.baidu.com/s/1vm8qqDZRe6l9L5R9haQP3Q, 8jc6
大数据&云计算, Cassandra权威指南, https://pan.baidu.com/s/12n4nMvtaXH3-Dg7sPMn0NQ, igf7
大数据&云计算, HBase实战, https://pan.baidu.com/s/1slFaVI5mec1GTTeq81BF3g, e60d
大数据&云计算, AWS云计算实战, https://pan.baidu.com/s/1wyAz7ypGya_ipi9VkBTqnQ, 8651
大数据&云计算, 大数据时代 : 生活、工作与思维的大变革, https://pan.baidu.com/s/1xkDQTjpbhBuUNCZqlYUcmg, 4ed3
大数据&云计算, 白话大数据与机器学习, https://pan.baidu.com/s/1T-h7F3JAm1mYOXlRAM4Uqw, rkk7
大数据&云计算, Hadoop基础教程, https://pan.baidu.com/s/1cU5poWyJkTpAcioGuRJETA, 2i8c
大数据&云计算, Hive编程指南, https://pan.baidu.com/s/1IMhzE3yQs96y1QJQRyc8Bw, 5jqx
大数据&云计算, 云计算架构技术与实践, https://pan.baidu.com/s/1PYpmoPvwF9XlqVamVajfYw, ftjb
大数据&云计算, 每天5分钟玩转Kubernetes, https://pan.baidu.com/s/14Tdjnw6Q1amqKVI-EvUK_Q, 3uqb
大数据&云计算, 大规模分布式存储系统 : 原理解析与架构实战, https://pan.baidu.com/s/1gBj4mXeLmOngX0E4oSeh4w, xeo7
大数据&云计算, 第一本Docker书 修订版, https://pan.baidu.com/s/1oqtHC_QJ0YXrtD3NJmu7XA, 93tr
大数据&云计算, Kubernetes进阶实战, https://pan.baidu.com/s/1wq13nDFa7F0KMs6gn77OcA, d8gy
大数据&云计算, ZooKeeper:分布式过程协同技术详解 : 分布式过程协同技术详解, https://pan.baidu.com/s/1FZFhtf44Nc6AIz7klXi-cQ, 3j7p
大数据&云计算, HBase权威指南, https://pan.baidu.com/s/116naRWqS9R0HSvNm6WpMuA, snux
大数据&云计算, Hadoop构建数据仓库实践, https://pan.baidu.com/s/13xzYYhKTs27K16IllKQusg, 9hot
大数据&云计算, 深入浅出Docker, https://pan.baidu.com/s/16CSUZdAqDJfiPcE6pkQhfw, zyhk
大数据&云计算, Docker技术入门与实战（第2版）, https://pan.baidu.com/s/1VO7B-g9K5V1Twi4IhJTceA, eard
大数据&云计算, Kubernetes权威指南 : 从Docker到Kubernetes实践全接触（第2版）, https://pan.baidu.com/s/1rZRAxhr77BT5Q3gfBuZzGg, qfsn
大数据&云计算, Spark快速大数据分析, https://pan.baidu.com/s/1681rFXs5O6JvIkUlHJ7zWw, 1lph
大数据&云计算, Spark机器学习, https://pan.baidu.com/s/19C5EDQQEpuFqvNVn7YbhdA, ekul
大数据&云计算, Spark高级数据分析（第2版）, https://pan.baidu.com/s/1ANGVArAZy_XJo8YvNxMqyA, byo7
大数据&云计算, Hadoop应用架构, https://pan.baidu.com/s/1wr8JhhzudUhjpUVwOb-F1A, 9gvy
大数据&云计算, Hadoop数据分析, https://pan.baidu.com/s/1G7JGdB0-PNXN6lVs00IQOQ, 6v8c
大数据&云计算, Hadoop深度学习, https://pan.baidu.com/s/1flvBvg4q7UJy8fz65RVujw, 3fqo
大数据&云计算, Flink基础教程, https://pan.baidu.com/s/1qddXVTLXhUoj654KSPjChg, tu8b
大数据&云计算, Docker开发指南, https://pan.baidu.com/s/1Ret-13WWUo7AS2hdpaUtQQ, sr22
大数据&云计算, Docker经典实例, https://pan.baidu.com/s/16OEv3oZB2v5mF_RapPJUfQ, svka
大数据&云计算, Hadoop技术内幕 : 深入解析MapReduce架构设计与实现原理, https://pan.baidu.com/s/1Tn7GYCfAMHHa_I5dHATxJg, z5fi
大数据&云计算, Designing Data-Intensive Applications : The Big Ideas Behind Reliable, Scalable, and Maintainable Systems, https://pan.baidu.com/s/1PDqrxOjlWSMfHvJPg9ftxA, yrdb
网络编程, Netty权威指南, https://pan.baidu.com/s/1aVZK84Vt0NTbVcXIkoTveA, wqrj
网络编程, 图解服务器端网络架构, https://pan.baidu.com/s/1fM57srzg3BJLkNTEsmGBhw, zx8r
网络编程, HCNA-WLAN学习指南 : 华为ICT认证系列丛书, https://pan.baidu.com/s/1NTjUqw9WjbhavVt7Q7mAOA, 69o9
网络编程, TCP/IP路由技术（第一卷）（第二版）, https://pan.baidu.com/s/1ARwva48B2VksbSJLZm38Jw, mom0
网络编程, 深入理解计算机网络, https://pan.baidu.com/s/1GmQFFf8Xclc8KD1EfmtEKA, 3juj
网络编程, 图解TCP/IP（第5版）, https://pan.baidu.com/s/1xLp69g_nHXxAvRbxBQiCMw, tk4j
网络编程, UNIX网络编程 卷2：进程间通信（第2版）, https://pan.baidu.com/s/1XIoQIzCnU0a8-o062Dh-Ug, zufy
网络编程, 物联网设计 : 从原型到产品, https://pan.baidu.com/s/1MGoymM5Fz_7HhqOrszB-lA, xjny
网络编程, Linux高性能服务器编程, https://pan.baidu.com/s/1GosRgc7uJwi1FZIv2i3vTg, ipyn
网络编程, 计算机网络（第7版）, https://pan.baidu.com/s/1t0Oezuy1HT7IJ-ql_roXgw, 0hal
网络编程, Linux多线程服务端编程 : 使用muduo C++网络库, https://pan.baidu.com/s/1y8Ew3-cYV5pxC_bhcj2DIA, 8b8v
网络编程, 图解网络硬件, https://pan.baidu.com/s/1PYtBWSyxwB1ea-08Ft9FuA, ggq8
网络编程, wireshark网络分析的艺术, https://pan.baidu.com/s/11rTI1RFtUaGFRj_Ifumm6A, dma7
网络编程, UNIX网络编程 卷1：套接字联网API（第3版） : 套接字联网API, https://pan.baidu.com/s/1pKQNsHFsyuYmxgTpXX_8jA, 9e7j
网络编程, Wireshark网络分析就这么简单, https://pan.baidu.com/s/1CULrEbf4YXfSb2LB47YVJg, ix2u
网络编程, Netty实战 : Netty IN ACTION, https://pan.baidu.com/s/1Ow8SRREkpb7RmsPzvFpFvw, 5ulv
网络编程, TCP/IP入门经典 : 第5版, https://pan.baidu.com/s/1aMurXKu3TNbs7Ga1t4N2yA, w645
网络编程, 网络是怎样连接的, https://pan.baidu.com/s/1SfsbH16VWLqUA_4jzrg0Vw, onyu
网络编程, 图解物联网, https://pan.baidu.com/s/1qvFjdYr4nlz_50PL6T2huw, 8jqr
网络编程, Web性能权威指南, https://pan.baidu.com/s/1W8W0LOlhEQctTc-9_8PF4w, tqo6
网络编程, Web安全开发指南, https://pan.baidu.com/s/1eXeNVgll3PZCKMIwAPPE4A, 94hh
网络编程, TCP Sockets编程 : TCP Sockets编程, https://pan.baidu.com/s/1tx6mHybeBbCG5LweI19ljQ, mozx
网络编程, Python网络编程攻略, https://pan.baidu.com/s/1KpDBSTFF8mokRsUepPDAGw, pqjp
网络编程, HTTPS权威指南 : 在服务器和Web应用上部署SSL-TLS和PKI, https://pan.baidu.com/s/1smBJHoxB2U9aMAU277hB5w, fwgq
网络编程, HTTP/2基础教程 : 让Web性能更上一层楼, https://pan.baidu.com/s/1rCxhHuMmj8LbOkSsmzOo4Q, t49k
网络编程, HTTP权威指南 : 权威指南, https://pan.baidu.com/s/1rS_Gl7AueOgB1zuVIJCdNQ, 2ndt
网络编程, HTTP : The Definitive Guide, https://pan.baidu.com/s/1eCc-8dqoGtr-mHi4kUT19g, 2tkv
网络编程, 图解HTTP, https://pan.baidu.com/s/129-Pk3kbhsi4Y16QjrU0XQ, zko8
算法&数据结构, 漫画算法：小灰的算法之旅, https://pan.baidu.com/s/1_np7nfSw8MIT9GjweEgbWQ, flb4
算法&数据结构, 迷茫的旅行商 : 一个无处不在的计算机算法问题, https://pan.baidu.com/s/1Og61-8hBAApkyR0y8cEyYw, 9xh5
算法&数据结构, 大话数据结构, https://pan.baidu.com/s/1jlFCJxMi4iTnOgjeCPjpgQ, fjzi
算法&数据结构, 改变未来的九大算法, https://pan.baidu.com/s/1hV5OvIyMUCmKazD83t1Iog, ddma
算法&数据结构, 趣学算法, https://pan.baidu.com/s/1Oz4I9ECjCDPA1xK42iHk_w, l1ex
算法&数据结构, 程序员面试金典（第5版）, https://pan.baidu.com/s/1EQeunnkr8JzfQEWaDs1rOA, var6
算法&数据结构, 编程之美 : 微软技术面试心得, https://pan.baidu.com/s/1F6iTajtV0BXgK3qzOYGfRA, bg95
算法&数据结构, 程序员代码面试指南：IT名企算法与数据结构题目最优解 : IT名企算法与数据结构题目最优解, https://pan.baidu.com/s/1ApA5AE3YvIv_sodk4vdYiA, uzfy
算法&数据结构, 算法竞赛入门经典（第2版）, https://pan.baidu.com/s/1h13EGrF_H0LQLUwzxn5Tlw, 8lol
算法&数据结构, 百面机器学习 : 算法工程师带你去面试, https://pan.baidu.com/s/1HHFoXlvDjv7uB2qzRW1ndA, 1cst
算法&数据结构, 剑指Offer : 名企面试官精讲典型编程题, https://pan.baidu.com/s/12p8MwasYDPan9pzp-zMjig, in1v
算法&数据结构, 算法之美 : 指导工作与生活的算法, https://pan.baidu.com/s/1rPMkIu7y3SJR89bQRsQmcw, b2wb
算法&数据结构, 学习JavaScript数据结构与算法（第2版）, https://pan.baidu.com/s/1aOCAh2P4kC4SRgtEUhhX-A, d5ag
算法&数据结构, 挑战编程技能 : 57道程序员功力测试题, https://pan.baidu.com/s/1mpgoED_aOOVvhgwCSO2zbw, 29kt
算法&数据结构, 算法图解, https://pan.baidu.com/s/1aQNCG9exIiue04aZeEGisg, a9my
算法&数据结构, 数据结构与算法JavaScript描述, https://pan.baidu.com/s/1RHwXxC-Kc8JUhvkXLgFE3Q, 8l33
算法&数据结构, 高效算法 : 竞赛、应试与提高必修128例, https://pan.baidu.com/s/1HKu_8hjG64CWqTPpjpA6vw, rsx0
算法&数据结构, 程序员的算法趣题, https://pan.baidu.com/s/1qM3az28VvZEIzljYmu2IBw, e9g3
算法&数据结构, 算法的乐趣, https://pan.baidu.com/s/1BTNarW9aBCuIzJUsG2bR5g, t6av
数据库, Cassandra权威指南, https://pan.baidu.com/s/12n4nMvtaXH3-Dg7sPMn0NQ, igf7
数据库, Redis入门指南（第2版）, https://pan.baidu.com/s/1A1sKBhNXTfZ6_6v-qi6iJw, i6v1
数据库, PostgreSQL实战, https://pan.baidu.com/s/1a9rSeERyy5Sn9WGevvv64Q, rixl
数据库, PostgreSQL即学即用（第3版）, https://pan.baidu.com/s/1oxBHx5kCYiHEBDe5XLbI4w, riq3
数据库, MySQL技术内幕 : InnoDB存储引擎, https://pan.baidu.com/s/15gKAwR02Yn4p27U5yOlEaA, 6bkl
数据库, SQL入门经典 : 第5版, https://pan.baidu.com/s/1i9j1yWkqsIkZWZkQl8OFRQ, lice
数据库, Redis设计与实现, https://pan.baidu.com/s/1bY4wfT-n5cDvZ4fhgnVtgg, k7c0
数据库, Redis实战, https://pan.baidu.com/s/1PA-WBT9p3OKMmki6V-rbzw, mfk1
数据库, 高性能MySQL : 第3版, https://pan.baidu.com/s/1VUHtT9CyONhdk1peCSeuZg, 6lic
数据库, MongoDB权威指南（第2版）, https://pan.baidu.com/s/1QE4m9xNxRQlp7yFCq_fgIQ, 87r6
数据库, 深入学习MongoDB : 图灵程序设计丛书：深入学习MongoDB, https://pan.baidu.com/s/1X_dzQzAtrLvns7YuspcA2A, 5qor
数据库, 深入NoSQL : 深入NoSQL, https://pan.baidu.com/s/15Kx5vBB3_o7Qietnx66fEw, xkz8
数据库, SQL进阶教程, https://pan.baidu.com/s/1c9JyTqD1ywMTcI7xrb0Xag, 8acv
数据库, SQL基础教程, https://pan.baidu.com/s/1e1F1yETs0LIbVCh1IPjrnw, x78f
数据库, SQL反模式, https://pan.baidu.com/s/1IdqbhY54Ick2970kGD8uVA, z68d
数据库, MySQL与MariaDB学习指南, https://pan.baidu.com/s/1qEel3hRfFPy__DJWOV5jlQ, 6n04
数据库, MySQL必知必会, https://pan.baidu.com/s/1jm-IXp_iX8Sl7jpNFNET4A, zhhf
数据库, SQL必知必会 : （第4版）, https://pan.baidu.com/s/1f6Ldku3yUIVei4YcM-uTjw, zgvk
数据库, Redis开发与运维, https://pan.baidu.com/s/1_W-KtS-w-I0KhKnlk88D8A, l8zb
操作系统, 精解 Windows 10, https://pan.baidu.com/s/1ABP8oHyvjIf5FmCdltsBvg, 65wx
操作系统, 树莓派开始，玩转Linux, https://pan.baidu.com/s/1hFMGNvnyg4X8UTGttOEtVQ, l4cy
操作系统, Unix内核源码剖析, https://pan.baidu.com/s/1G-WaLje7n7Wv8Thp8gRrgQ, 92v6
操作系统, 现代操作系统（第3版）, https://pan.baidu.com/s/1PSq2Mb33t-cvC0TguAf98w, il0p
操作系统, Linux程序设计 : 第4版, https://pan.baidu.com/s/1CJTU132UufyIrxkqIfDkTg, z4vr
操作系统, Linux高性能服务器编程, https://pan.baidu.com/s/1GosRgc7uJwi1FZIv2i3vTg, ipyn
操作系统, 深度探索Linux操作系统 : 系统构建和原理解析, https://pan.baidu.com/s/1ZT805Gi55XDQMZCHAW3DjA, ka8d
操作系统, UNIX环境高级编程（第3版）, https://pan.baidu.com/s/1QvjWlCAe3shorWRKjAOfbg, 7gmb
操作系统, Linux 内核设计的艺术（第2版） : -图解Linux操作系统架构设计与实现原理-第2版, https://pan.baidu.com/s/1K5jQWJUtBgortM-DlWR5rg, a6o8
操作系统, 深入Linux内核架构 : 全球开源社区集体智慧结晶，领略Linux内核的绝美风光, https://pan.baidu.com/s/1QAdJ0pl7JHl5JD9FrMtbQw, sedv
编译原理, LLVM Cookbook中文版, https://pan.baidu.com/s/1WNtTMvHZnuDKZfCwvyMn9Q, g8cv
编译原理, 自己动手写Java虚拟机, https://pan.baidu.com/s/1pSlVPRvC0h_of-5EOI1ZtA, 3db8
编译原理, 领域专用语言实战, https://pan.baidu.com/s/17SJ21ydNQUunNH97T4bKog, xa15
编译原理, ANTLR 4权威指南, https://pan.baidu.com/s/1elPcXtMGtx4HVAz41iNdFg, txl2
编译原理, 自己动手构造编译系统：编译、汇编与链接, https://pan.baidu.com/s/177z0WRmN5i7ZNGpfXn-w5w, oqlc
编译原理, 自制编译器, https://pan.baidu.com/s/1MspHOyx7q5bLtasHyJ6Jdg, d0yn
编译原理, 自制编程语言, https://pan.baidu.com/s/1Qg3ACC1iP6sUMdc1YH9kiA, et9o
编译原理, 两周自制脚本语言, https://pan.baidu.com/s/1uLzLUD8AMsi77VbmCfDQaA, dsg0
编译原理, 垃圾回收的算法与实现, https://pan.baidu.com/s/1ZrtYguSdaw7z0IpnRhCS_Q, mryb
计算机科学, 编码 : 隐匿在计算机软硬件背后的语言, https://pan.baidu.com/s/1xZ5QVGUmf8XWY8HCbPPqpw, dghw
计算机科学, 穿越计算机的迷雾, https://pan.baidu.com/s/1-em3Lqp121Cl5szMnykl8g, 3cqm
计算机科学, 具体数学 : 计算机科学基础（第2版）, https://pan.baidu.com/s/1-j_CKpzpdxKuaUd7vQmH-g, q3sm
计算机科学, 计算机是怎样跑起来的, https://pan.baidu.com/s/1d7S5C77f5CQ9fAoKrs8Z4Q, hgb3
计算机科学, 程序是怎样跑起来的, https://pan.baidu.com/s/1LcvFjbYrdbQFL5qo2-JJoA, bl36
软件开发&软件工程, Git权威指南, https://pan.baidu.com/s/1DoIqeVjVN5ydQSIVhfMB8A, p8hd
软件开发&软件工程, 设计模式之禅（第2版）, https://pan.baidu.com/s/1M8cbD3scLly9qjZPP8f1IA, quva
软件开发&软件工程, 软件测试实战 : 微软技术专家经验总结, https://pan.baidu.com/s/10paOJS9mK_h8oUPJJvn6kQ, simx
软件开发&软件工程, 松本行弘的程序世界, https://pan.baidu.com/s/1z8gUIpR2S-Zbc5Yv2Wt5MA, 1pit
软件开发&软件工程, 高效程序员的45个习惯 : 敏捷开发修炼之道, https://pan.baidu.com/s/11P3L7ekkZrKB4K03MU-jLg, 8vrs
软件开发&软件工程, 恰如其分的软件架构 : 风险驱动的设计方法, https://pan.baidu.com/s/10_uy4cxvdA3acxmdeuSsnQ, 1p3m
软件开发&软件工程, 编程大师访谈录, https://pan.baidu.com/s/1bqG3B4Al8Vd_ckAq8LKrcA, xvmb
软件开发&软件工程, Selenium 2自动化测试实战 : 基于Python语言, https://pan.baidu.com/s/1xiwqGKBAMVZI17Ra79fC4g, v6v4
软件开发&软件工程, Selenium自动化测试——基于 Python 语言, https://pan.baidu.com/s/1i_ddyRmqBNIIoDNil_PpUQ, b7dz
软件开发&软件工程, 实例化需求 : 团队如何交付正确的软件, https://pan.baidu.com/s/1WGVaOqi_mWZkqMAXtTJdKQ, 2odz
软件开发&软件工程, 测试架构师修炼之道 : 从测试工程师到测试架构师, https://pan.baidu.com/s/1M5mz4NIYiR2FtrWQY6kNdw, ur4f
软件开发&软件工程, 硝烟中的Scrum和XP : 我们如何实施Scrum, https://pan.baidu.com/s/1qNafbIlUHFnAmtU0LOHDnA, f6nk
软件开发&软件工程, UML用户指南 : UML用户指南, https://pan.baidu.com/s/1tHmvvmY--wiy3nDuTVhl-w, giqt
软件开发&软件工程, 简约之美 : 软件设计之道, https://pan.baidu.com/s/1MmMkCFPMRQ_dAYZhL1i-Kg, dqd4
软件开发&软件工程, Google软件测试之道 : 像google一样进行软件测试, https://pan.baidu.com/s/1zUICt30BEGbRurHlRubwhw, a7xk
软件开发&软件工程, 程序员的思维修炼 : 开发认知潜能的九堂课, https://pan.baidu.com/s/1sbv4o7Vi1apokXHBzqAQiw, ppl5
软件开发&软件工程, 软件开发本质论 : 求简约、体现价值、逐步构建, https://pan.baidu.com/s/13C6VL0zv_x9icvJtC5HFsA, ongh
软件开发&软件工程, 大教堂与集市, https://pan.baidu.com/s/1jeFF2M6dBrtsHnEMudf0UA, h270
软件开发&软件工程, 大话设计模式, https://pan.baidu.com/s/1w0_SH6dhT9OGEFggRLZK5w, nrod
软件开发&软件工程, 编程珠玑（第2版•修订版）, https://pan.baidu.com/s/1AIgMoXeD6Bm_BulnW0cAbg, 1abc
软件开发&软件工程, 软技能 : 代码之外的生存指南, https://pan.baidu.com/s/1bTvIkFSeO0Dpd2-BAZqlwg, 3awu
软件开发&软件工程, 代码整洁之道, https://pan.baidu.com/s/1oBdMnlAYJMi1gzULMFHFeg, x0u6
软件开发&软件工程, 黑客与画家 : 硅谷创业之父Paul Graham文集, https://pan.baidu.com/s/1LxmerOTC_GB0lkhYFWhRBg, 7cyl
软件开发&软件工程, 微服务设计, https://pan.baidu.com/s/1DGlYr9cEBD-zlT1y44z0nw, uxwm
软件开发&软件工程, 重构（第2版）全彩精装版 : 改善既有代码的设计, https://pan.baidu.com/s/1Prt3_IbmUv-YALopISDqAQ, 59l3
软件开发&软件工程, 写给大家看的项目管理书, https://pan.baidu.com/s/1dQbkYBlK29jWjX4D-aRU6A, h73x
软件开发&软件工程, 学习敏捷 : 构建高效团队, https://pan.baidu.com/s/1Y_3oHZfFvjDG1w_30O4U3w, 7uq7
软件开发&软件工程, 修改软件的艺术 : 构建易维护代码的9条最佳实践, https://pan.baidu.com/s/1Scuc3IQwlFwCEIFnRmdQ-Q, 5d4i
软件开发&软件工程, 高效团队开发 : 工具与方法, https://pan.baidu.com/s/1Lp1-hlTap7v4ToZgWJY5Vw, lrru
软件开发&软件工程, 代码的未来 : 代码的未来, https://pan.baidu.com/s/1g9LplNK8hEXVNwhf7mf2JQ, 2fm2
软件开发&软件工程, 代码之外的功夫 : 程序员精进之路, https://pan.baidu.com/s/13wg2YlSROWp91HG0Bp5UrQ, e6b8
软件开发&软件工程, 持续交付 : 发布可靠软件的系统方法, https://pan.baidu.com/s/1KAW3d_DIFjxdgjaJxIxjLA, 5lhd
软件开发&软件工程, 奔跑吧，程序员 : 从零开始打造产品、技术和团队, https://pan.baidu.com/s/13Lm2JPX1vBppSeajdhtHCQ, ajrm
软件开发&软件工程, Git团队协作, https://pan.baidu.com/s/1fB3qyDsA_zEztvQdng7KPg, cidu
软件开发&软件工程, GitHub入门与实践, https://pan.baidu.com/s/1E9C8R_LJphj7rP5MosqkYA, wtd7
软件开发&软件工程, C#敏捷开发实践, https://pan.baidu.com/s/1eM9_5-JeEt6-q7xyM9KKgQ, 2c5a
网络安全, Kali Linux渗透测试的艺术, https://pan.baidu.com/s/17nt3zWdvFjBDOv_RpPP4KQ, h3jd
网络安全, 密码朋克 : 自由与互联网的未来, https://pan.baidu.com/s/1uNV9N_ylHvtQ8eEf_pm64g, manl
网络安全, 黑客攻防技术宝典（第2版） : Web实战篇（第2版）, https://pan.baidu.com/s/1vwDxAHIuwhoLORHCd6lfnQ, 00jj
网络安全, Android软件安全与逆向分析, https://pan.baidu.com/s/1KQfRh3hnlLYuBkuTUtj2Fw, 6kv3
网络安全, 互联网企业安全高级指南, https://pan.baidu.com/s/1GdzZm6X5bODTP2f4yHsYhA, ifj2
网络安全, 白帽子讲Web安全, https://pan.baidu.com/s/1WvwumH6rgjU0-Znw_NoAxw, i2vb
网络安全, 黑客攻防技术宝典 : iOS实战篇, https://pan.baidu.com/s/1iqVZfc3Osy09FK6E90HyZA, 5wec
网络安全, 社会工程 : 防范钓鱼欺诈（卷3）, https://pan.baidu.com/s/1Kq95rf7XWxIBFvvp1Z8QXQ, 8ltl
网络安全, 社会工程 : 安全体系中的人性漏洞, https://pan.baidu.com/s/1llLAa3Nc15FZ4m_KK5FTcg, llc8
网络安全, 社会工程 卷2 : 解读肢体语言, https://pan.baidu.com/s/1QZLvxewQzHZmbbxPpQsQAw, kg7a
运维管理, Python Linux系统管理与自动化运维, https://pan.baidu.com/s/1FQ8gQkky2pNlLB8B3iijew, wdn7
运维管理, Vim实用技巧（第2版）, https://pan.baidu.com/s/1etagHhZIOIhq7_lPKNhZ7Q, jfyn
运维管理, 24小时365天不间断服务 : 服务器基础设施核心技术, https://pan.baidu.com/s/1ha1QGARMguXz_SvxTW9cqw, wyxv
运维管理, 鸟哥的Linux私房菜 : —服务器架设篇(第三版), https://pan.baidu.com/s/1ZnG_nVEtj59e6DffZal7gg, zgv9
运维管理, 鸟哥的Linux私房菜 基础学习篇 第四版, https://pan.baidu.com/s/1uYzQ8Z4WowgbCO4UBHixOQ, jae2
运维管理, Windows PowerShell实战指南 : 第2版, https://pan.baidu.com/s/1ZPWZFgP1SBcnsgnYEutgXA, jfw5
运维管理, Linux系统命令及Shell脚本实践指南, https://pan.baidu.com/s/1XhlQkKLJ4RHB7BKy4yEuhw, ns7w
运维管理, 大话存储（终极版） : 存储系统底层架构原理极限剖析, https://pan.baidu.com/s/1jhoQJ5dwSvVAXtfblI74kw, 5tct
运维管理, Linux Bash编程与脚本应用实战, https://pan.baidu.com/s/12SCsH88coSucX_QZ7DYwmw, flpe
运维管理, Linux就该这么学 : 必读的Linux系统与红帽认证自学书籍, https://pan.baidu.com/s/1gv6cddWlXWemW7dLozp0cA, t9u5
运维管理, Linux命令行与shell脚本编程大全 第3版, https://pan.baidu.com/s/1U-0U2ZcKoMrpWZ7xvT9N2Q, kc9x
运维管理, Linux Shell脚本攻略（第3版）, https://pan.baidu.com/s/1CeIimnoI58Zh89I-qbaO1Q, sscg
运维管理, DevOps实践指南, https://pan.baidu.com/s/1L_lCbE8g6SiLxz_aMt8siA, 2sch
游戏开发&游戏设计, 游戏开发的数学和物理, https://pan.baidu.com/s/1gJk9hLJt4yFnWvjvprjgyg, 3yxr
游戏开发&游戏设计, 游戏设计快乐之道, https://pan.baidu.com/s/1IJfTFyhI7rnqHIdFMUBM3Q, l8xm
游戏开发&游戏设计, 平衡掌控者——游戏数值战斗设计, https://pan.baidu.com/s/1xY3KxmUoT685kA-qWnJJAA, 72gu
游戏开发&游戏设计, 游戏编程模式 : Game Programming Patterns, https://pan.baidu.com/s/1CkucNzKAnghuUqLU9hGK2w, 33sg
游戏开发&游戏设计, 游戏设计的100个原理, https://pan.baidu.com/s/16A7kpehd5GLmMhdcrnWHUQ, j21k
游戏开发&游戏设计, 游戏设计的236个技巧 : 游戏机制、关卡设计和镜头窍门, https://pan.baidu.com/s/1ao63mFjifpl_U5nFC91QjA, wtzf
游戏开发&游戏设计, Unity Shader入门精要, https://pan.baidu.com/s/1tYkg-qkINZlu5Vhx8NvQJw, qvs4
游戏开发&游戏设计, 通关！游戏设计之道（第二版）, https://pan.baidu.com/s/15bmp7mAjz6Xjd7Q5R0xwPQ, 9vsr
硬件, ARM体系结构与编程, https://pan.baidu.com/s/1Ne4zhOzKTEQOyYvLHyRCgA, 2ba2
硬件, 物联网设计 : 从原型到产品, https://pan.baidu.com/s/1MGoymM5Fz_7HhqOrszB-lA, xjny
硬件, CPU自制入门, https://pan.baidu.com/s/1OFqYQyJXXE7GvlaCAI5Few, kwi4
硬件, 深入浅出SSD : 固态存储核心技术、原理与实战, https://pan.baidu.com/s/1yo7IMfSaglz5t8DtA2XklQ, mtpq
硬件, 自己动手写CPU, https://pan.baidu.com/s/1Ku7eGOJEuiXXA0Dt_gNT7Q, m7jn
硬件, 图解网络硬件, https://pan.baidu.com/s/1PYtBWSyxwB1ea-08Ft9FuA, ggq8
硬件, 大话存储（终极版） : 存储系统底层架构原理极限剖析, https://pan.baidu.com/s/1jhoQJ5dwSvVAXtfblI74kw, 5tct
硬件, 大话处理器 : 处理器基础知识读本, https://pan.baidu.com/s/12UGhQTmREf7fvnmvn7YhpQ, kked
硬件, 图解物联网, https://pan.baidu.com/s/1qvFjdYr4nlz_50PL6T2huw, 8jqr
硬件, Arduino技术指南, https://pan.baidu.com/s/13RAQ2Hn4orKC74ENw_ebZQ, bvjc
搜索引擎, 这就是搜索引擎 : 核心技术详解, https://pan.baidu.com/s/1_nUFIr38So2F6RRvlqL8ug, 55wa
搜索引擎, Elasticsearch实战, https://pan.baidu.com/s/1mD0py0FT7-s9Xcw7i4DOQQ, ndj3
搜索引擎, Elasticsearch服务器开发（第2版）, https://pan.baidu.com/s/1blJsMVSrrmQ3fbkuIpEYiA, 9gqk
区块链, 区块链技术驱动金融 : 数字货币与智能合约技术, https://pan.baidu.com/s/19NbMGdGHun8zvIqIUk_7ZA, 5xtw
区块链, 图说区块链 : 神一样的金融科技与未来社会, https://pan.baidu.com/s/1Td8EgvtUMkmg7fvRxtJ_Jg, zx5x
区块链, 白话区块链, https://pan.baidu.com/s/1gLpbDI2a5LCbolvBNaWubA, a5mv
区块链, 去中心化应用 : 区块链技术概述, https://pan.baidu.com/s/1aNq741BaKqEXrNLKOdXYVw, lq4h
消息队列, RocketMQ实战与原理解析, https://pan.baidu.com/s/1J8mZe5v8h-98ib8mfgdIyw, lrd4
消息队列, Kafka权威指南, https://pan.baidu.com/s/1EXotU7yIaH3fkfG9SGMbdg, wfx0
消息队列, RabbitMQ实战指南, https://pan.baidu.com/s/16xWyh4xAb6gYLMIhO1_kag, zrzw
交互设计, 腾讯产品法, https://pan.baidu.com/s/1-M71X-D6AGgiw7Zg5pJI6g, dban
交互设计, 启示录 : 打造用户喜爱的产品, https://pan.baidu.com/s/1PUIwN0VNN_nJe-kt6qzF6w, kvzf
交互设计, 用户思维+：好产品让用户为自己尖叫, https://pan.baidu.com/s/1K3AmNySObR7tkPDSG8Rtgw, 0b18
交互设计, 写给大家看的设计书（第4版）, https://pan.baidu.com/s/1rjdyrm1dKDSJD9Es1fFqJA, k47p
交互设计, 用户体验设计 : 100堂入门课, https://pan.baidu.com/s/1gcsHyrnIkjpVv6ItjDSt0g, bmyk
交互设计, 移动应用UI设计模式, https://pan.baidu.com/s/1F4YvSp79HGaydRqszNp7-A, aa7h
交互设计, 无界面交互 : 潜移默化的UX设计方略, https://pan.baidu.com/s/1gaLCFJNHTcNYPSunmY-2hg, rvev
交互设计, 设计师要懂沟通术, https://pan.baidu.com/s/1lg-_oQTO-VZbYjX4APE3iA, l2ou
交互设计, 亲爱的界面 : 让用户乐于使用、爱不释手, https://pan.baidu.com/s/1ETc3icWoZ8VSumdCeoLyWQ, m7a6
交互设计, 简约至上 : 交互式设计四策略（第2版）, https://pan.baidu.com/s/14edl-POo7LCd8pkF8TKNeg, l9h6
交互设计, UX设计师要懂工业设计, https://pan.baidu.com/s/1VYYi6Nm-VThESKpPaU_H8g, qc7n
互联网&科普, 计算进化史 : 改变数学的命运, https://pan.baidu.com/s/1lDzEr40EJwPJ2RR7CWmU5g, 8df1
互联网&科普, 密码朋克 : 自由与互联网的未来, https://pan.baidu.com/s/1uNV9N_ylHvtQ8eEf_pm64g, manl
互联网&科普, 腾讯产品法, https://pan.baidu.com/s/1-M71X-D6AGgiw7Zg5pJI6g, dban
互联网&科普, 成为乔布斯, https://pan.baidu.com/s/1Tj2RWDP5YXXR9CXjLtcINA, f088
互联网&科普, KK三部曲 : 失控＋科技想要什么＋必然, https://pan.baidu.com/s/1c0z4PAMjCi3bqlTn8VGSKQ, fsoy
互联网&科普, 浪潮之巅, https://pan.baidu.com/s/1pQB4Ea8Gx1IhG7u6tdaUng, 1gv8
互联网&科普, 浅薄 : 互联网如何毒化了我们的大脑, https://pan.baidu.com/s/1Ej_bChbnu9JuT-K0OrURvA, ezvn
互联网&科普, 淘宝技术这十年 : 淘宝技术大学校长解密淘宝十年, https://pan.baidu.com/s/1QVNqLOav1ZPe5XcEj2ohLg, o4xe
互联网&科普, AI极简经济学, https://pan.baidu.com/s/1eyxIO9rcyQHsW43GCMWtwA, bemm
互联网&科普, 黑客与画家 : 硅谷创业之父Paul Graham文集, https://pan.baidu.com/s/1LxmerOTC_GB0lkhYFWhRBg, 7cyl
互联网&科普, 香农传 : 从0到1开创信息时代, https://pan.baidu.com/s/1k2OiHI9HEsr9BwhSDXEd9A, y3ef
互联网&科普, AI·未来, https://pan.baidu.com/s/1d5TwHeooKQ1NMIWSmtfOlw, ns97
互联网&科普, 未来简史, https://pan.baidu.com/s/1mxzEPqgOPrTu-LrRyFqoHA, fqn0
互联网&科普, 别拿相关当因果！因果关系简易入门, https://pan.baidu.com/s/1IriEjDfBRlTxVcunSBRD4Q, q980
互联网&科普, 爱上电子学 : 创客的趣味电子实验, https://pan.baidu.com/s/1c9SYLQOYwu-f4XWiLXfowA, dryj
互联网&科普, 系统化思维导论, https://pan.baidu.com/s/17HNewAoRfdqRCy59tZbu9A, 4izr
互联网&科普, 单核工作法图解 : 事多到事少,拖延变高效, https://pan.baidu.com/s/1RRp8mhaeiEyk9EJ2G8jL3g, 1atn
互联网&科普, 从无穷开始 : 科学的困惑与疆界, https://pan.baidu.com/s/1Gy1OJTkuSJYD_13yy49oGg, ej2e
互联网&科普, 时间旅行简史, https://pan.baidu.com/s/14GnpMH1WjMKLNZqJzvi8cA, xl8f
互联网&科普, 宇宙的历程, https://pan.baidu.com/s/1DDO8m_6udX-TCgsSNjpBpA, 8jkb
其他, 大型网站系统与Java中间件开发实践, https://pan.baidu.com/s/17n_kVWXIbK9FZxYjqazf2g, yhbo
其他, 深入理解Nginx（第2版） : 模块开发与架构解析, https://pan.baidu.com/s/1NK6xI1vaKvptd8f0Rs6D7w, s0yp
其他, 精通正则表达式 : 第3版, https://pan.baidu.com/s/19duCgNxbADqmyXvZveJvMw, 7mrn
其他, 亿级流量网站架构核心技术 : 跟开涛学搭建高可用高并发系统, https://pan.baidu.com/s/17MkKFBI8DE2crrRTzsnRGg, gvy9
其他, 大型网站技术架构 : 核心原理与案例分析, https://pan.baidu.com/s/1VAZLPA2uyJpMwrwIfq9YmA, wdxg
其他, JSON必知必会, https://pan.baidu.com/s/1SYkNOsiZ-5M6doyVQ3C-JQ, f93a
